[
    {
        "pk": 2,
        "model": "quiz.answer",
        "fields": {
            "explan_text": "No, that's the United Kingdom",
            "answer_text": "London"
        }
    },
    {
        "pk": 3,
        "model": "quiz.answer",
        "fields": {
            "explan_text": "Yep. That's the one.",
            "answer_text": "Stockholm"
        }
    },
    {
        "pk": 4,
        "model": "quiz.answer",
        "fields": {
            "explan_text": "France is not actually a city, it is a country.",
            "answer_text": "France"
        }
    },
    {
        "pk": 5,
        "model": "quiz.answer",
        "fields": {
            "explan_text": "Nope.",
            "answer_text": "www.blender.net"
        }
    },
    {
        "pk": 6,
        "model": "quiz.answer",
        "fields": {
            "explan_text": "That's the one.",
            "answer_text": "www.blender.org"
        }
    },
    {
        "pk": 7,
        "model": "quiz.answer",
        "fields": {
            "explan_text": "Nope.",
            "answer_text": "www.blender.com"
        }
    },
    {
        "pk": 8,
        "model": "quiz.answer",
        "fields": {
            "explan_text": "Not really. You can truncate audio files, but that's about it.",
            "answer_text": "audio"
        }
    },
    {
        "pk": 9,
        "model": "quiz.answer",
        "fields": {
            "explan_text": "Not designed for editing photos, although Blender can use photos as materials.",
            "answer_text": "photos"
        }
    },
    {
        "pk": 10,
        "model": "quiz.answer",
        "fields": {
            "explan_text": "No. Possible, but very cumbersome for this task.",
            "answer_text": "diagrams"
        }
    },
    {
        "pk": 11,
        "model": "quiz.answer",
        "fields": {
            "explan_text": "Yes, this is a primary design goal of Blender.",
            "answer_text": "3D modelling"
        }
    },
    {
        "pk": 12,
        "model": "quiz.answer",
        "fields": {
            "explan_text": "Yes. This is a primary design goal of Blender.",
            "answer_text": "animated sequences"
        }
    },
    {
        "pk": 14,
        "model": "quiz.answer",
        "fields": {
            "explan_text": "For a start try:\r\nblenderartists.org\r\nblenderunderground.com/forums\r\nblender.org/forum\r\nblenderguru.com\r\n",
            "answer_text": "True"
        }
    },
    {
        "pk": 15,
        "model": "quiz.answer",
        "fields": {
            "explan_text": "Wrong. There are many forums, try:\r\n\r\nblenderartists.org\r\nblenderunderground.com/forums\r\nblender.org/forum\r\nblenderguru.com",
            "answer_text": "False"
        }
    },
    {
        "pk": 16,
        "model": "quiz.answer",
        "fields": {
            "explan_text": "No. It's free software.",
            "answer_text": "proprietary"
        }
    },
    {
        "pk": 17,
        "model": "quiz.answer",
        "fields": {
            "explan_text": "BSD offers certain commericialisable aspects, which Blender's licence does not permit.",
            "answer_text": "BSD"
        }
    },
    {
        "pk": 18,
        "model": "quiz.answer",
        "fields": {
            "explan_text": "Yep, it's Free Software, under the GNU General Public Licence.",
            "answer_text": "GNU GPL"
        }
    },
    {
        "pk": 19,
        "model": "quiz.answer",
        "fields": {
            "explan_text": "That's in Scotland.",
            "answer_text": "Edinburgh"
        }
    },
    {
        "pk": 20,
        "model": "quiz.answer",
        "fields": {
            "explan_text": "Berlin is in Germany",
            "answer_text": "Berlin"
        }
    },
    {
        "pk": 1,
        "model": "quiz.question",
        "fields": {
            "correct_answer": 3,
            "question_text": "Which of these cities is the capital of Sweden?",
            "answers": [
                2,
                3,
                4
            ]
        }
    },
    {
        "pk": 2,
        "model": "quiz.question",
        "fields": {
            "correct_answer": 6,
            "question_text": "What is the address of the website from which you can download Blender?",
            "answers": [
                5,
                6,
                7
            ]
        }
    },
    {
        "pk": 3,
        "model": "quiz.question",
        "fields": {
            "correct_answer": 11,
            "question_text": "Is blender good for creating or editing any of the following types of file (check all that apply - actually you can't at the moment)",
            "answers": [
                8,
                9,
                10,
                11,
                12
            ]
        }
    },
    {
        "pk": 4,
        "model": "quiz.question",
        "fields": {
            "correct_answer": 14,
            "question_text": "There are many online forums where I can ask for help and discuss my Blender projects. (T/F)",
            "answers": [
                14,
                15
            ]
        }
    },
    {
        "pk": 5,
        "model": "quiz.question",
        "fields": {
            "correct_answer": 18,
            "question_text": "Name the licence used to distribute Blender?",
            "answers": [
                16,
                17,
                18
            ]
        }
    },
    {
        "pk": 6,
        "model": "quiz.question",
        "fields": {
            "correct_answer": 20,
            "question_text": "Which of these cities is the capital of Germany?",
            "answers": [
                2,
                3,
                4,
                19,
                20
            ]
        }
    },
    {
        "pk": 1,
        "model": "quiz.quiz",
        "fields": {
            "lesson": 4,
            "create_date": "2012-08-19",
            "questions": [
                1,
                6
            ],
            "quiz_title": "Capital Cities",
            "author": 2
        }
    },
    {
        "pk": 2,
        "model": "quiz.quiz",
        "fields": {
            "lesson": 1,
            "create_date": "2012-08-12",
            "questions": [
                2,
                3,
                4,
                5
            ],
            "quiz_title": "Basic Facts",
            "author": 2
        }
    },
    {
        "pk": 1,
        "model": "quiz.quizattempt",
        "fields": {
            "taken_dt": "2012-09-15T12:35:10.740Z",
            "user": 1,
            "quiz": 2
        }
    },
    {
        "pk": 2,
        "model": "quiz.quizattempt",
        "fields": {
            "taken_dt": "2012-09-15T21:15:14.050Z",
            "user": 1,
            "quiz": 2
        }
    },
    {
        "pk": 3,
        "model": "quiz.quizattempt",
        "fields": {
            "taken_dt": "2012-09-15T21:16:08.921Z",
            "user": 1,
            "quiz": 2
        }
    },
    {
        "pk": 4,
        "model": "quiz.quizattempt",
        "fields": {
            "taken_dt": "2012-09-15T22:18:05.893Z",
            "user": 1,
            "quiz": 2
        }
    },
    {
        "pk": 5,
        "model": "quiz.quizattempt",
        "fields": {
            "taken_dt": "2012-09-15T22:40:39.487Z",
            "user": 1,
            "quiz": 2
        }
    },
    {
        "pk": 6,
        "model": "quiz.quizattempt",
        "fields": {
            "taken_dt": "2012-09-16T20:23:51.284Z",
            "user": 1,
            "quiz": 2
        }
    },
    {
        "pk": 7,
        "model": "quiz.quizattempt",
        "fields": {
            "taken_dt": "2012-09-16T21:32:10.271Z",
            "user": 1,
            "quiz": 2
        }
    },
    {
        "pk": 1,
        "model": "quiz.questionattempt",
        "fields": {
            "quiz_attempt": 1,
            "score": 0,
            "question": 2,
            "answer_given": 5
        }
    },
    {
        "pk": 2,
        "model": "quiz.questionattempt",
        "fields": {
            "quiz_attempt": 1,
            "score": 1,
            "question": 3,
            "answer_given": 11
        }
    },
    {
        "pk": 3,
        "model": "quiz.questionattempt",
        "fields": {
            "quiz_attempt": 1,
            "score": 1,
            "question": 4,
            "answer_given": 14
        }
    },
    {
        "pk": 4,
        "model": "quiz.questionattempt",
        "fields": {
            "quiz_attempt": 1,
            "score": 1,
            "question": 5,
            "answer_given": 18
        }
    },
    {
        "pk": 5,
        "model": "quiz.questionattempt",
        "fields": {
            "quiz_attempt": 2,
            "score": 0,
            "question": 2,
            "answer_given": 5
        }
    },
    {
        "pk": 6,
        "model": "quiz.questionattempt",
        "fields": {
            "quiz_attempt": 2,
            "score": 1,
            "question": 3,
            "answer_given": 11
        }
    },
    {
        "pk": 7,
        "model": "quiz.questionattempt",
        "fields": {
            "quiz_attempt": 2,
            "score": 1,
            "question": 4,
            "answer_given": 14
        }
    },
    {
        "pk": 8,
        "model": "quiz.questionattempt",
        "fields": {
            "quiz_attempt": 2,
            "score": 1,
            "question": 5,
            "answer_given": 18
        }
    },
    {
        "pk": 9,
        "model": "quiz.questionattempt",
        "fields": {
            "quiz_attempt": 3,
            "score": 0,
            "question": 2,
            "answer_given": 5
        }
    },
    {
        "pk": 10,
        "model": "quiz.questionattempt",
        "fields": {
            "quiz_attempt": 3,
            "score": 1,
            "question": 3,
            "answer_given": 11
        }
    },
    {
        "pk": 11,
        "model": "quiz.questionattempt",
        "fields": {
            "quiz_attempt": 3,
            "score": 1,
            "question": 4,
            "answer_given": 14
        }
    },
    {
        "pk": 12,
        "model": "quiz.questionattempt",
        "fields": {
            "quiz_attempt": 3,
            "score": 1,
            "question": 5,
            "answer_given": 18
        }
    },
    {
        "pk": 13,
        "model": "quiz.questionattempt",
        "fields": {
            "quiz_attempt": 4,
            "score": 0,
            "question": 2,
            "answer_given": 5
        }
    },
    {
        "pk": 14,
        "model": "quiz.questionattempt",
        "fields": {
            "quiz_attempt": 4,
            "score": 1,
            "question": 3,
            "answer_given": 11
        }
    },
    {
        "pk": 15,
        "model": "quiz.questionattempt",
        "fields": {
            "quiz_attempt": 4,
            "score": 1,
            "question": 4,
            "answer_given": 14
        }
    },
    {
        "pk": 16,
        "model": "quiz.questionattempt",
        "fields": {
            "quiz_attempt": 4,
            "score": 1,
            "question": 5,
            "answer_given": 18
        }
    },
    {
        "pk": 17,
        "model": "quiz.questionattempt",
        "fields": {
            "quiz_attempt": 5,
            "score": 0,
            "question": 2,
            "answer_given": 7
        }
    },
    {
        "pk": 18,
        "model": "quiz.questionattempt",
        "fields": {
            "quiz_attempt": 5,
            "score": 0,
            "question": 3,
            "answer_given": 8
        }
    },
    {
        "pk": 19,
        "model": "quiz.questionattempt",
        "fields": {
            "quiz_attempt": 5,
            "score": 0,
            "question": 4,
            "answer_given": 15
        }
    },
    {
        "pk": 20,
        "model": "quiz.questionattempt",
        "fields": {
            "quiz_attempt": 5,
            "score": 0,
            "question": 5,
            "answer_given": 16
        }
    },
    {
        "pk": 21,
        "model": "quiz.questionattempt",
        "fields": {
            "quiz_attempt": 6,
            "score": 0,
            "question": 2,
            "answer_given": 5
        }
    },
    {
        "pk": 23,
        "model": "quiz.questionattempt",
        "fields": {
            "quiz_attempt": 6,
            "score": 1,
            "question": 4,
            "answer_given": 14
        }
    },
    {
        "pk": 24,
        "model": "quiz.questionattempt",
        "fields": {
            "quiz_attempt": 6,
            "score": 1,
            "question": 5,
            "answer_given": 18
        }
    },
    {
        "pk": 25,
        "model": "quiz.questionattempt",
        "fields": {
            "quiz_attempt": 7,
            "score": 1,
            "question": 2,
            "answer_given": 6
        }
    },
    {
        "pk": 26,
        "model": "quiz.questionattempt",
        "fields": {
            "quiz_attempt": 7,
            "score": 1,
            "question": 3,
            "answer_given": 11
        }
    },
    {
        "pk": 27,
        "model": "quiz.questionattempt",
        "fields": {
            "quiz_attempt": 7,
            "score": 1,
            "question": 4,
            "answer_given": 14
        }
    },
    {
        "pk": 28,
        "model": "quiz.questionattempt",
        "fields": {
            "quiz_attempt": 7,
            "score": 1,
            "question": 5,
            "answer_given": 18
        }
    }
]