[
    {
        "pk": 1,
        "model": "auth.user",
        "fields": {
            "username": "chris",
            "first_name": "Chris",
            "last_name": "\u00dcberbiscuit",
            "is_active": true,
            "is_superuser": true,
            "is_staff": true,
            "last_login": "2013-06-04T21:22:17.347Z",
            "groups": [],
            "user_permissions": [],
            "password": "pbkdf2_sha256$10000$64IjYIHrovTK$pbjD4Ny9YTRA83zBRSr4l+W951EH+wdLK7xIaqak35w=",
            "email": "ctmcginlay@gmail.com",
            "date_joined": "2012-08-01T22:14:23Z"
        }
    },
    {
        "pk": 2,
        "model": "auth.user",
        "fields": {
            "username": "Nomski",
            "first_name": "Nom",
            "last_name": "Ski",
            "is_active": true,
            "is_superuser": false,
            "is_staff": false,
            "last_login": "2012-08-02T23:03:03Z",
            "groups": [],
            "user_permissions": [],
            "password": "pbkdf2_sha256$10000$Y5rpDi6PIzzz$ev7k9AV26KyEWGEioXGEPDPXQ0Zow2mKm5hlne1LQPY=",
            "email": "dude@nomski.com",
            "date_joined": "2012-08-02T23:03:03Z"
        }
    },
    {
        "pk": 3,
        "model": "auth.user",
        "fields": {
            "username": "alanm",
            "first_name": "Alan",
            "last_name": "McGinlay",
            "is_active": true,
            "is_superuser": true,
            "is_staff": true,
            "last_login": "2013-01-09T22:51:46Z",
            "groups": [],
            "user_permissions": [],
            "password": "pbkdf2_sha256$10000$fVvVW0y7Hy2K$CagquMjgzvGS6RkUace1LrgdsygPdoRPMY6QEIHBIFg=",
            "email": "mcginlay.alan@gmail.com",
            "date_joined": "2012-09-11T22:43:11Z"
        }
    },
    {
        "pk": 4,
        "model": "auth.user",
        "fields": {
            "username": "bert",
            "first_name": "Bertimus",
            "last_name": "Bertski",
            "is_active": true,
            "is_superuser": false,
            "is_staff": false,
            "last_login": "2012-08-08T22:38:33Z",
            "groups": [],
            "user_permissions": [],
            "password": "pbkdf2_sha256$10000$Wme9DK7EHZwh$xo2RTKBAJMCo+pnCLlgJ9V++zDJoo/Y2Wq3+0v5/PvU=",
            "email": "berti@bertski.example.com",
            "date_joined": "2012-08-08T22:38:33Z"
        }
    },
    {
        "pk": 5,
        "model": "auth.user",
        "fields": {
            "username": "boris",
            "first_name": "Boron",
            "last_name": "Bolafoid",
            "is_active": true,
            "is_superuser": false,
            "is_staff": false,
            "last_login": "2013-02-01T22:31:41Z",
            "groups": [],
            "user_permissions": [],
            "password": "pbkdf2_sha256$10000$nFxkvrzp8ohN$+XhZFafwfy3boZt35hU3JZ1ozg0S05jary9i4jIaHJk=",
            "email": "boris@example.com",
            "date_joined": "2012-08-07T14:04:29Z"
        }
    },
    {
        "pk": 6,
        "model": "auth.user",
        "fields": {
            "username": "gordon",
            "first_name": "Gordon",
            "last_name": "Basiljet",
            "is_active": true,
            "is_superuser": false,
            "is_staff": false,
            "last_login": "2012-08-08T21:07:38Z",
            "groups": [],
            "user_permissions": [],
            "password": "pbkdf2_sha256$10000$A69eaHX2hi5T$C5lmEqct67XGc61kWZoDUZ7DLOyA1NnGoHAnn7Fxs4w=",
            "email": "basiljet@example.com",
            "date_joined": "2012-08-08T21:07:38Z"
        }
    },
    {
        "pk": 7,
        "model": "auth.user",
        "fields": {
            "username": "gaffer",
            "first_name": "",
            "last_name": "",
            "is_active": true,
            "is_superuser": true,
            "is_staff": true,
            "last_login": "2013-06-22T10:58:57.608Z",
            "groups": [],
            "user_permissions": [],
            "password": "pbkdf2_sha256$10000$FRhnZy1saimW$7D58IlwqyaGegny/jd8C8E5i8aV2Glav/Y14waqZw1U=",
            "email": "chris@unpossible.info",
            "date_joined": "2013-06-22T10:58:57.608Z"
        }
    },
    {
        "pk": 8,
        "model": "auth.user",
        "fields": {
            "username": "root",
            "first_name": "",
            "last_name": "",
            "is_active": true,
            "is_superuser": true,
            "is_staff": true,
            "last_login": "2013-06-22T15:36:38.408Z",
            "groups": [],
            "user_permissions": [],
            "password": "pbkdf2_sha256$10000$vcQmE5FEMNLO$PeZeR6VQ5tj+QQpIbb1jhQbQLfH89FRSDIbysEN/pOk=",
            "email": "chris@unpossible.info",
            "date_joined": "2013-06-22T15:36:38.408Z"
        }
    },
    {
        "pk": 1,
        "model": "sites.site",
        "fields": {
            "domain": "eduduck.com",
            "name": "eduduck.com"
        }
    },
    {
        "pk": 1,
        "model": "courses.course",
        "fields": {
            "name": "TEST Introduction to Blender",
            "level": "1",
            "organiser": 1,
            "instructor": 1,
            "credits": 15,
            "abstract": "This demonstration course is not intended to be a usable learning resource. Its sole purpose is to assist in the development of our online learning platform. In the three lessons, we will introduce the Blender 3D package, review some Blender-made artwork, learn the basics of the user interface and of controlling the 3D viewport.",
            "code": "GR10"
        }
    },
    {
        "pk": 2,
        "model": "courses.course",
        "fields": {
            "name": "Capital Cities of Earth",
            "level": "5",
            "organiser": 1,
            "instructor": 1,
            "credits": 20,
            "abstract": "Learn the capital cities of Earth. Fully equip yourself for your next visit (to Earth)",
            "code": "B2"
        }
    },
    {
        "pk": 1,
        "model": "courses.lesson",
        "fields": {
            "course": 1,
            "abstract": "Be clear what Blender is, where to download it, what it can achieve, sources of community support.\r\n",
            "code": "BL1",
            "name": "What is Blender for?"
        }
    },
    {
        "pk": 2,
        "model": "courses.lesson",
        "fields": {
            "course": 1,
            "abstract": "Develop basic familiarity with the main parts of the default user interface.",
            "code": "BL2",
            "name": "Basics of the User Interface"
        }
    },
    {
        "pk": 3,
        "model": "courses.lesson",
        "fields": {
            "course": 1,
            "abstract": "Learn how to use the number pad to control your point of view in the 3D viewport.\r\nWatch the video that accompanies this lesson, then load the faceviewcube.blend file into blender and try it out for yourself.",
            "code": "BL3",
            "name": "Orientation in 3D Space"
        }
    },
    {
        "pk": 4,
        "model": "courses.lesson",
        "fields": {
            "course": 2,
            "abstract": "Features of the 7 continents of Earth.",
            "code": "CC1",
            "name": "The Continents"
        }
    },
    {
        "pk": 5,
        "model": "courses.lesson",
        "fields": {
            "course": 1,
            "abstract": "Blank lesson to debug next/prev links",
            "code": "BL4",
            "name": "Some Other Blender Thing"
        }
    },
    {
        "pk": 1,
        "model": "courses.video",
        "fields": {
            "url": "http://youtube.com/embed/A6TgJXpPDr8?rel=0",
            "code": "BL1",
            "lesson": null,
            "course": 1,
            "name": "TEST Blender Course Intro"
        }
    },
    {
        "pk": 2,
        "model": "courses.video",
        "fields": {
            "url": "http://youtube.com/embed/tXyh_lvvQBU?rel=0",
            "code": "BL2",
            "lesson": 1,
            "course": null,
            "name": "What is Blender?"
        }
    },
    {
        "pk": 3,
        "model": "courses.video",
        "fields": {
            "url": "http://youtube.com/embed/1uKZmb1O-os?rel=0",
            "code": "BL4",
            "lesson": 3,
            "course": null,
            "name": "Controlling Orientation"
        }
    },
    {
        "pk": 4,
        "model": "courses.video",
        "fields": {
            "url": "http://youtube.com/embed/LXrA6Fz0Nxc?rel=0",
            "code": "BL3",
            "lesson": 2,
            "course": null,
            "name": "Basics of the User Interface"
        }
    },
    {
        "pk": 1,
        "model": "outcome.learningintention",
        "fields": {
            "lesson": 1,
            "text": "Recognise a range of tasks for which Blender could be used"
        }
    },
    {
        "pk": 2,
        "model": "outcome.learningintention",
        "fields": {
            "lesson": 1,
            "text": "Identify alternative tools and techniques"
        }
    },
    {
        "pk": 1,
        "model": "outcome.learningintentiondetail",
        "fields": {
            "text": "Spot 3D modelling tasks",
            "learning_intention": 1,
            "lid_type": "SC"
        }
    },
    {
        "pk": 2,
        "model": "outcome.learningintentiondetail",
        "fields": {
            "text": "Spot video sequencing tasks",
            "learning_intention": 1,
            "lid_type": "SC"
        }
    },
    {
        "pk": 3,
        "model": "outcome.learningintentiondetail",
        "fields": {
            "text": "Spot object animation tasks",
            "learning_intention": 1,
            "lid_type": "SC"
        }
    },
    {
        "pk": 4,
        "model": "outcome.learningintentiondetail",
        "fields": {
            "text": "Spot object physics tasks",
            "learning_intention": 1,
            "lid_type": "SC"
        }
    },
    {
        "pk": 5,
        "model": "outcome.learningintentiondetail",
        "fields": {
            "text": "Consider where a manual method might have advantages",
            "learning_intention": 2,
            "lid_type": "SC"
        }
    },
    {
        "pk": 6,
        "model": "outcome.learningintentiondetail",
        "fields": {
            "text": "Try out alternative software and compare with Blender",
            "learning_intention": 2,
            "lid_type": "SC"
        }
    },
    {
        "pk": 7,
        "model": "outcome.learningintentiondetail",
        "fields": {
            "text": "Talk about the advantages/disadvantages of Blender compared to other approaches",
            "learning_intention": 2,
            "lid_type": "SC"
        }
    },
    {
        "pk": 8,
        "model": "outcome.learningintentiondetail",
        "fields": {
            "text": "I can correctly identify or reject various tasks as being well suited to Blender",
            "learning_intention": 1,
            "lid_type": "LO"
        }
    },
    {
        "pk": 9,
        "model": "outcome.learningintentiondetail",
        "fields": {
            "text": "I can state whether the main techique of a task involves modelling, sequencing, animating or physics simulation",
            "learning_intention": 1,
            "lid_type": "LO"
        }
    },
    {
        "pk": 10,
        "model": "outcome.learningintentiondetail",
        "fields": {
            "text": "I can make a selection of appropriate tool or technique for a given job",
            "learning_intention": 2,
            "lid_type": "LO"
        }
    },
    {
        "pk": 11,
        "model": "outcome.learningintentiondetail",
        "fields": {
            "text": "I can give reasons supporting selection of a particular tool or technique.",
            "learning_intention": 2,
            "lid_type": "LO"
        }
    },
    {
        "pk": 1,
        "model": "attachment.attachment",
        "fields": {
            "course": 1,
            "code": "BLAT1",
            "attachment": "attachments/course_overview.odt",
            "seq": null,
            "lesson": null,
            "name": "Blender Course Overview",
            "desc": "Outline of the course content..."
        }
    },
    {
        "pk": 2,
        "model": "attachment.attachment",
        "fields": {
            "course": 1,
            "code": "BLAT2",
            "attachment": "attachments/advice.txt",
            "seq": null,
            "lesson": null,
            "name": "Course Advice",
            "desc": "Just some advice, dude."
        }
    },
    {
        "pk": 3,
        "model": "attachment.attachment",
        "fields": {
            "course": 1,
            "code": "BLAT3",
            "attachment": "attachments/dummy_file.txt",
            "seq": null,
            "lesson": null,
            "name": "Dummy File",
            "desc": "Dummy attachment test"
        }
    },
    {
        "pk": 4,
        "model": "attachment.attachment",
        "fields": {
            "course": null,
            "code": "BLAT4",
            "attachment": "attachments/lesson_notes1.odt",
            "seq": null,
            "lesson": 1,
            "name": "Lesson 1 Notes",
            "desc": "The background reading for Lesson 1"
        }
    },
    {
        "pk": 5,
        "model": "attachment.attachment",
        "fields": {
            "course": null,
            "code": "BLAT5",
            "attachment": "attachments/lesson_notes2.odt",
            "seq": null,
            "lesson": 2,
            "name": "Lesson 2 Notes",
            "desc": "Study notes for lesson 2"
        }
    },
    {
        "pk": 6,
        "model": "attachment.attachment",
        "fields": {
            "course": null,
            "code": "BLAT6",
            "attachment": "attachments/blender_ui.png",
            "seq": null,
            "lesson": 2,
            "name": "Blender UI",
            "desc": "The Blender User Interface"
        }
    },
    {
        "pk": 7,
        "model": "attachment.attachment",
        "fields": {
            "course": null,
            "code": "BLAT7",
            "attachment": "attachments/blender_ui_annotated.png",
            "seq": null,
            "lesson": 2,
            "name": "Blender UI annotated",
            "desc": "Annotated graphic of the UI"
        }
    },
    {
        "pk": 8,
        "model": "attachment.attachment",
        "fields": {
            "course": null,
            "code": "BLAT8",
            "attachment": "attachments/faceviewcube.blend",
            "seq": null,
            "lesson": 3,
            "name": "FaceViewCube Blendfile",
            "desc": "The blender file for this lesson."
        }
    },
    {
        "pk": 9,
        "model": "attachment.attachment",
        "fields": {
            "course": null,
            "code": "BLAT9",
            "attachment": "attachments/lesson_notes3.odt",
            "seq": null,
            "lesson": 3,
            "name": "Lesson 3 Notes",
            "desc": "Course notes for lesson 3"
        }
    },
    {
        "pk": 19,
        "model": "auth.permission",
        "fields": {
            "codename": "add_logentry",
            "name": "Can add log entry",
            "content_type": 7
        }
    },
    {
        "pk": 20,
        "model": "auth.permission",
        "fields": {
            "codename": "change_logentry",
            "name": "Can change log entry",
            "content_type": 7
        }
    },
    {
        "pk": 21,
        "model": "auth.permission",
        "fields": {
            "codename": "delete_logentry",
            "name": "Can delete log entry",
            "content_type": 7
        }
    },
    {
        "pk": 73,
        "model": "auth.permission",
        "fields": {
            "codename": "add_attachment",
            "name": "Can add attachment",
            "content_type": 25
        }
    },
    {
        "pk": 74,
        "model": "auth.permission",
        "fields": {
            "codename": "change_attachment",
            "name": "Can change attachment",
            "content_type": 25
        }
    },
    {
        "pk": 75,
        "model": "auth.permission",
        "fields": {
            "codename": "delete_attachment",
            "name": "Can delete attachment",
            "content_type": 25
        }
    },
    {
        "pk": 4,
        "model": "auth.permission",
        "fields": {
            "codename": "add_group",
            "name": "Can add group",
            "content_type": 2
        }
    },
    {
        "pk": 5,
        "model": "auth.permission",
        "fields": {
            "codename": "change_group",
            "name": "Can change group",
            "content_type": 2
        }
    },
    {
        "pk": 6,
        "model": "auth.permission",
        "fields": {
            "codename": "delete_group",
            "name": "Can delete group",
            "content_type": 2
        }
    },
    {
        "pk": 1,
        "model": "auth.permission",
        "fields": {
            "codename": "add_permission",
            "name": "Can add permission",
            "content_type": 1
        }
    },
    {
        "pk": 2,
        "model": "auth.permission",
        "fields": {
            "codename": "change_permission",
            "name": "Can change permission",
            "content_type": 1
        }
    },
    {
        "pk": 3,
        "model": "auth.permission",
        "fields": {
            "codename": "delete_permission",
            "name": "Can delete permission",
            "content_type": 1
        }
    },
    {
        "pk": 7,
        "model": "auth.permission",
        "fields": {
            "codename": "add_user",
            "name": "Can add user",
            "content_type": 3
        }
    },
    {
        "pk": 8,
        "model": "auth.permission",
        "fields": {
            "codename": "change_user",
            "name": "Can change user",
            "content_type": 3
        }
    },
    {
        "pk": 9,
        "model": "auth.permission",
        "fields": {
            "codename": "delete_user",
            "name": "Can delete user",
            "content_type": 3
        }
    },
    {
        "pk": 49,
        "model": "auth.permission",
        "fields": {
            "codename": "add_bio",
            "name": "Can add bio",
            "content_type": 17
        }
    },
    {
        "pk": 50,
        "model": "auth.permission",
        "fields": {
            "codename": "change_bio",
            "name": "Can change bio",
            "content_type": 17
        }
    },
    {
        "pk": 51,
        "model": "auth.permission",
        "fields": {
            "codename": "delete_bio",
            "name": "Can delete bio",
            "content_type": 17
        }
    },
    {
        "pk": 10,
        "model": "auth.permission",
        "fields": {
            "codename": "add_contenttype",
            "name": "Can add content type",
            "content_type": 4
        }
    },
    {
        "pk": 11,
        "model": "auth.permission",
        "fields": {
            "codename": "change_contenttype",
            "name": "Can change content type",
            "content_type": 4
        }
    },
    {
        "pk": 12,
        "model": "auth.permission",
        "fields": {
            "codename": "delete_contenttype",
            "name": "Can delete content type",
            "content_type": 4
        }
    },
    {
        "pk": 22,
        "model": "auth.permission",
        "fields": {
            "codename": "add_course",
            "name": "Can add course",
            "content_type": 8
        }
    },
    {
        "pk": 23,
        "model": "auth.permission",
        "fields": {
            "codename": "change_course",
            "name": "Can change course",
            "content_type": 8
        }
    },
    {
        "pk": 24,
        "model": "auth.permission",
        "fields": {
            "codename": "delete_course",
            "name": "Can delete course",
            "content_type": 8
        }
    },
    {
        "pk": 25,
        "model": "auth.permission",
        "fields": {
            "codename": "add_lesson",
            "name": "Can add lesson",
            "content_type": 9
        }
    },
    {
        "pk": 26,
        "model": "auth.permission",
        "fields": {
            "codename": "change_lesson",
            "name": "Can change lesson",
            "content_type": 9
        }
    },
    {
        "pk": 27,
        "model": "auth.permission",
        "fields": {
            "codename": "delete_lesson",
            "name": "Can delete lesson",
            "content_type": 9
        }
    },
    {
        "pk": 28,
        "model": "auth.permission",
        "fields": {
            "codename": "add_video",
            "name": "Can add video",
            "content_type": 10
        }
    },
    {
        "pk": 29,
        "model": "auth.permission",
        "fields": {
            "codename": "change_video",
            "name": "Can change video",
            "content_type": 10
        }
    },
    {
        "pk": 30,
        "model": "auth.permission",
        "fields": {
            "codename": "delete_video",
            "name": "Can delete video",
            "content_type": 10
        }
    },
    {
        "pk": 76,
        "model": "auth.permission",
        "fields": {
            "codename": "add_userattachment",
            "name": "Can add user attachment",
            "content_type": 26
        }
    },
    {
        "pk": 77,
        "model": "auth.permission",
        "fields": {
            "codename": "change_userattachment",
            "name": "Can change user attachment",
            "content_type": 26
        }
    },
    {
        "pk": 78,
        "model": "auth.permission",
        "fields": {
            "codename": "delete_userattachment",
            "name": "Can delete user attachment",
            "content_type": 26
        }
    },
    {
        "pk": 52,
        "model": "auth.permission",
        "fields": {
            "codename": "add_usercourse",
            "name": "Can add user course",
            "content_type": 18
        }
    },
    {
        "pk": 53,
        "model": "auth.permission",
        "fields": {
            "codename": "change_usercourse",
            "name": "Can change user course",
            "content_type": 18
        }
    },
    {
        "pk": 54,
        "model": "auth.permission",
        "fields": {
            "codename": "delete_usercourse",
            "name": "Can delete user course",
            "content_type": 18
        }
    },
    {
        "pk": 58,
        "model": "auth.permission",
        "fields": {
            "codename": "add_userlearningintention",
            "name": "Can add user learning intention",
            "content_type": 20
        }
    },
    {
        "pk": 59,
        "model": "auth.permission",
        "fields": {
            "codename": "change_userlearningintention",
            "name": "Can change user learning intention",
            "content_type": 20
        }
    },
    {
        "pk": 60,
        "model": "auth.permission",
        "fields": {
            "codename": "delete_userlearningintention",
            "name": "Can delete user learning intention",
            "content_type": 20
        }
    },
    {
        "pk": 61,
        "model": "auth.permission",
        "fields": {
            "codename": "add_userlearningintentiondetail",
            "name": "Can add user's learning intention detail",
            "content_type": 21
        }
    },
    {
        "pk": 62,
        "model": "auth.permission",
        "fields": {
            "codename": "change_userlearningintentiondetail",
            "name": "Can change user's learning intention detail",
            "content_type": 21
        }
    },
    {
        "pk": 63,
        "model": "auth.permission",
        "fields": {
            "codename": "delete_userlearningintentiondetail",
            "name": "Can delete user's learning intention detail",
            "content_type": 21
        }
    },
    {
        "pk": 55,
        "model": "auth.permission",
        "fields": {
            "codename": "add_userlesson",
            "name": "Can add user lesson",
            "content_type": 19
        }
    },
    {
        "pk": 56,
        "model": "auth.permission",
        "fields": {
            "codename": "change_userlesson",
            "name": "Can change user lesson",
            "content_type": 19
        }
    },
    {
        "pk": 57,
        "model": "auth.permission",
        "fields": {
            "codename": "delete_userlesson",
            "name": "Can delete user lesson",
            "content_type": 19
        }
    },
    {
        "pk": 64,
        "model": "auth.permission",
        "fields": {
            "codename": "add_learningintention",
            "name": "Can add learning intention",
            "content_type": 22
        }
    },
    {
        "pk": 65,
        "model": "auth.permission",
        "fields": {
            "codename": "change_learningintention",
            "name": "Can change learning intention",
            "content_type": 22
        }
    },
    {
        "pk": 66,
        "model": "auth.permission",
        "fields": {
            "codename": "delete_learningintention",
            "name": "Can delete learning intention",
            "content_type": 22
        }
    },
    {
        "pk": 67,
        "model": "auth.permission",
        "fields": {
            "codename": "add_learningintentiondetail",
            "name": "Can add learning intention detail",
            "content_type": 23
        }
    },
    {
        "pk": 68,
        "model": "auth.permission",
        "fields": {
            "codename": "change_learningintentiondetail",
            "name": "Can change learning intention detail",
            "content_type": 23
        }
    },
    {
        "pk": 69,
        "model": "auth.permission",
        "fields": {
            "codename": "delete_learningintentiondetail",
            "name": "Can delete learning intention detail",
            "content_type": 23
        }
    },
    {
        "pk": 34,
        "model": "auth.permission",
        "fields": {
            "codename": "add_answer",
            "name": "Can add answer",
            "content_type": 12
        }
    },
    {
        "pk": 35,
        "model": "auth.permission",
        "fields": {
            "codename": "change_answer",
            "name": "Can change answer",
            "content_type": 12
        }
    },
    {
        "pk": 36,
        "model": "auth.permission",
        "fields": {
            "codename": "delete_answer",
            "name": "Can delete answer",
            "content_type": 12
        }
    },
    {
        "pk": 37,
        "model": "auth.permission",
        "fields": {
            "codename": "add_question",
            "name": "Can add question",
            "content_type": 13
        }
    },
    {
        "pk": 38,
        "model": "auth.permission",
        "fields": {
            "codename": "change_question",
            "name": "Can change question",
            "content_type": 13
        }
    },
    {
        "pk": 39,
        "model": "auth.permission",
        "fields": {
            "codename": "delete_question",
            "name": "Can delete question",
            "content_type": 13
        }
    },
    {
        "pk": 46,
        "model": "auth.permission",
        "fields": {
            "codename": "add_questionattempt",
            "name": "Can add question attempt",
            "content_type": 16
        }
    },
    {
        "pk": 47,
        "model": "auth.permission",
        "fields": {
            "codename": "change_questionattempt",
            "name": "Can change question attempt",
            "content_type": 16
        }
    },
    {
        "pk": 48,
        "model": "auth.permission",
        "fields": {
            "codename": "delete_questionattempt",
            "name": "Can delete question attempt",
            "content_type": 16
        }
    },
    {
        "pk": 40,
        "model": "auth.permission",
        "fields": {
            "codename": "add_quiz",
            "name": "Can add quiz",
            "content_type": 14
        }
    },
    {
        "pk": 41,
        "model": "auth.permission",
        "fields": {
            "codename": "change_quiz",
            "name": "Can change quiz",
            "content_type": 14
        }
    },
    {
        "pk": 42,
        "model": "auth.permission",
        "fields": {
            "codename": "delete_quiz",
            "name": "Can delete quiz",
            "content_type": 14
        }
    },
    {
        "pk": 43,
        "model": "auth.permission",
        "fields": {
            "codename": "add_quizattempt",
            "name": "Can add quiz attempt",
            "content_type": 15
        }
    },
    {
        "pk": 44,
        "model": "auth.permission",
        "fields": {
            "codename": "change_quizattempt",
            "name": "Can change quiz attempt",
            "content_type": 15
        }
    },
    {
        "pk": 45,
        "model": "auth.permission",
        "fields": {
            "codename": "delete_quizattempt",
            "name": "Can delete quiz attempt",
            "content_type": 15
        }
    },
    {
        "pk": 70,
        "model": "auth.permission",
        "fields": {
            "codename": "add_registrationprofile",
            "name": "Can add registration profile",
            "content_type": 24
        }
    },
    {
        "pk": 71,
        "model": "auth.permission",
        "fields": {
            "codename": "change_registrationprofile",
            "name": "Can change registration profile",
            "content_type": 24
        }
    },
    {
        "pk": 72,
        "model": "auth.permission",
        "fields": {
            "codename": "delete_registrationprofile",
            "name": "Can delete registration profile",
            "content_type": 24
        }
    },
    {
        "pk": 13,
        "model": "auth.permission",
        "fields": {
            "codename": "add_session",
            "name": "Can add session",
            "content_type": 5
        }
    },
    {
        "pk": 14,
        "model": "auth.permission",
        "fields": {
            "codename": "change_session",
            "name": "Can change session",
            "content_type": 5
        }
    },
    {
        "pk": 15,
        "model": "auth.permission",
        "fields": {
            "codename": "delete_session",
            "name": "Can delete session",
            "content_type": 5
        }
    },
    {
        "pk": 16,
        "model": "auth.permission",
        "fields": {
            "codename": "add_site",
            "name": "Can add site",
            "content_type": 6
        }
    },
    {
        "pk": 17,
        "model": "auth.permission",
        "fields": {
            "codename": "change_site",
            "name": "Can change site",
            "content_type": 6
        }
    },
    {
        "pk": 18,
        "model": "auth.permission",
        "fields": {
            "codename": "delete_site",
            "name": "Can delete site",
            "content_type": 6
        }
    },
    {
        "pk": 2,
        "model": "admin.logentry",
        "fields": {
            "action_flag": 2,
            "action_time": "2013-04-29T21:36:00.116Z",
            "object_repr": "eduduck.com",
            "object_id": "1",
            "change_message": "Changed domain and name.",
            "user": 1,
            "content_type": 6
        }
    },
    {
        "pk": 1,
        "model": "admin.logentry",
        "fields": {
            "action_flag": 1,
            "action_time": "2013-04-29T20:22:30.298Z",
            "object_repr": "Att. ID:1, code:BL1, 'intro...'",
            "object_id": "1",
            "change_message": "",
            "user": 1,
            "content_type": 25
        }
    },
    {
        "pk": 1,
        "model": "bio.bio",
        "fields": {
            "signature_line": "Quixotically Flimstoofic",
            "description": "Ut ac tellus magna, sed convallis purus. Phasellus sit amet risus vitae dolor egestas venenatis a sit amet leo. Donec adipiscing justo sit amet dolor congue id sagittis justo varius. Proin vitae urna egestas lectus consectetur volutpat at in enim. Suspendisse potenti. Aenean consequat vestibulum quam, nec vestibulum nunc iaculis ut. Curabitur vel ante placerat erat blandit dictum in vel magna. Sed sollicitudin, odio vel consequat blandit, leo risus mollis ante, vitae vehicula velit enim at erat. In hac habitasse platea dictumst. Proin eget facilisis mi. Curabitur sit amet massa in nunc faucibus dictum eget placerat dolor. Aliquam mattis, purus sed pretium ullamcorper, sapien felis elementum metus, sed varius enim nisi in massa.\r\n\r\nSuspendisse posuere lectus quis nisl viverra suscipit. Nullam nec ipsum vel justo gravida imperdiet a in sapien. Donec placerat, orci vitae scelerisque feugiat, arcu libero ornare est, quis aliquet risus eros ac urna. Donec magna elit, ultrices sit amet euismod a, auctor sit amet lectus. Etiam enim nunc, bibendum nec rutrum in, imperdiet sagittis neque. Quisque eleifend erat at risus facilisis dapibus. Sed porttitor ante quis massa vulputate pulvinar. Donec tincidunt, enim sed elementum suscipit, libero nisl interdum nulla, a molestie arcu nunc faucibus ligula. Aliquam erat volutpat. Nunc quam risus, cursus nec consectetur et, rhoncus vitae sapien. Ut porta, diam et hendrerit vulputate, enim turpis pulvinar nunc, ac mollis mauris urna hendrerit sem. Donec porta, augue in euismod aliquam, nisi diam condimentum erat, ut tincidunt mi lorem sed arcu. Fusce dolor lacus, gravida vitae sagittis id, auctor at mauris. Quisque viverra dictum arcu eget tristique. Maecenas semper velit sit amet dolor fermentum eget suscipit nisi dictum.\r\n\r\nMauris quis eros purus, non blandit massa. Morbi et felis nunc, nec auctor leo. Mauris convallis lectus convallis erat molestie feugiat non in turpis. Mauris arcu lectus, congue ut eleifend at, molestie id sapien. Nam tincidunt arcu ac sapien ullamcorper convallis. Nulla gravida molestie ligula eget pulvinar. Proin felis eros, tristique ut tempor sed, aliquet eget mauris. Donec vehicula feugiat egestas. Vivamus sollicitudin vehicula laoreet. Vestibulum pretium consequat iaculis. Mauris varius, velit vitae viverra tincidunt, metus sapien cursus urna, nec viverra quam metus at nunc. ",
            "webpage": "http://www.lipsum.com/",
            "user_tz": "America/Los_Angeles",
            "user": 1,
            "accepted_terms": true
        }
    },
    {
        "pk": 2,
        "model": "bio.bio",
        "fields": {
            "signature_line": "Keeping the pencils sharp.",
            "description": "Suspendisse fermentum arcu ac orci fermentum tristique. Nulla dignissim dui ut elit aliquam consectetur. Donec quis enim quis nisi vulputate ullamcorper. Ut adipiscing, velit id posuere mattis, nisi purus ultricies arcu, vel auctor est tellus sed ante. Mauris enim est, suscipit id tempus ac, dictum quis justo. Quisque vel diam eu mauris vestibulum facilisis. Morbi volutpat arcu ut lectus aliquam a ullamcorper magna congue. Cras lobortis sagittis sodales. Vestibulum vehicula nisl id ipsum convallis non venenatis elit hendrerit. Pellentesque vitae mi leo.\r\n\r\nVestibulum ante ipsum primis in faucibus orci luctus et ultrices posuere cubilia Curae; Praesent ante ligula, dignissim id venenatis et, porta ut magna. Mauris nisl urna, porta eu hendrerit et, accumsan ac urna. Morbi eros dolor, commodo id auctor id, tristique a metus. Donec consectetur varius ipsum vel dictum. Lorem ipsum dolor sit amet, consectetur adipiscing elit. Proin at nisi porttitor turpis tincidunt rhoncus. Nunc velit lorem, vehicula sit amet egestas non, imperdiet eu libero. Nam elementum lectus sed libero sollicitudin ac auctor tellus facilisis. Phasellus fringilla tortor nec nibh molestie sit amet accumsan erat auctor. Morbi lobortis commodo interdum. Quisque facilisis feugiat ligula ut mattis. Donec tincidunt, justo in ultrices sodales, risus neque dictum urna, at interdum turpis nibh consequat lacus. Aenean porttitor semper consectetur. Sed vitae nisi vel arcu mollis dapibus id nec tortor. Suspendisse eu dolor non nisl tristique faucibus quis ac lorem.\r\n\r\nNunc convallis hendrerit vestibulum. Fusce faucibus lorem nec magna aliquet nec volutpat metus cursus. Donec venenatis adipiscing adipiscing. Aenean nec tellus nisl, quis vehicula sapien. Etiam non metus eget ligula pretium luctus. Maecenas commodo placerat felis vel lobortis. Vestibulum placerat aliquet erat, a tincidunt arcu gravida vel. Duis sodales, sapien id dignissim mattis, velit neque viverra arcu, sit amet aliquet orci elit ac ipsum. Aenean commodo nisi sed augue fringilla facilisis. Quisque velit massa, posuere id scelerisque sit amet, scelerisque ac neque. Etiam id arcu purus. Sed augue leo, semper id hendrerit vitae, porta sit amet elit. Maecenas sollicitudin erat in arcu fermentum eleifend. Maecenas mattis dui a velit elementum non rhoncus augue tristique. Proin volutpat nisi sit amet leo gravida at vulputate enim lacinia.\r\n\r\nMauris ante odio, imperdiet in molestie nec, eleifend vitae tortor. Cras sed mauris tellus. Maecenas vel enim quam. Proin sit amet lectus ligula. In in tellus imperdiet lacus euismod congue ac eu diam. Phasellus vitae tortor vel felis mollis hendrerit ac sed justo. Donec auctor est id tortor lacinia ac ultricies sapien volutpat. Aenean a enim eu neque suscipit pulvinar. Donec viverra ultrices nibh nec mollis. Nullam nec est at metus interdum dapibus.\r\n",
            "webpage": "http://www.bbc.co.uk/",
            "user_tz": "Europe/Paris",
            "user": 2,
            "accepted_terms": false
        }
    },
    {
        "pk": 3,
        "model": "bio.bio",
        "fields": {
            "signature_line": "Server! Bow all ye before me.",
            "description": "Suspendisse fermentum arcu ac orci fermentum tristique. Nulla dignissim dui ut elit aliquam consectetur. Donec quis enim quis nisi vulputate ullamcorper. Ut adipiscing, velit id posuere mattis, nisi purus ultricies arcu, vel auctor est tellus sed ante. Mauris enim est, suscipit id tempus ac, dictum quis justo. Quisque vel diam eu mauris vestibulum facilisis. Morbi volutpat arcu ut lectus aliquam a ullamcorper magna congue. Cras lobortis sagittis sodales. Vestibulum vehicula nisl id ipsum convallis non venenatis elit hendrerit. Pellentesque vitae mi leo.\r\n\r\nVestibulum ante ipsum primis in faucibus orci luctus et ultrices posuere cubilia Curae; Praesent ante ligula, dignissim id venenatis et, porta ut magna. Mauris nisl urna, porta eu hendrerit et, accumsan ac urna. Morbi eros dolor, commodo id auctor id, tristique a metus. Donec consectetur varius ipsum vel dictum. Lorem ipsum dolor sit amet, consectetur adipiscing elit. Proin at nisi porttitor turpis tincidunt rhoncus. Nunc velit lorem, vehicula sit amet egestas non, imperdiet eu libero. Nam elementum lectus sed libero sollicitudin ac auctor tellus facilisis. Phasellus fringilla tortor nec nibh molestie sit amet accumsan erat auctor. Morbi lobortis commodo interdum. Quisque facilisis feugiat ligula ut mattis. Donec tincidunt, justo in ultrices sodales, risus neque dictum urna, at interdum turpis nibh consequat lacus. Aenean porttitor semper consectetur. Sed vitae nisi vel arcu mollis dapibus id nec tortor. Suspendisse eu dolor non nisl tristique faucibus quis ac lorem.\r\n\r\nNunc convallis hendrerit vestibulum. Fusce faucibus lorem nec magna aliquet nec volutpat metus cursus. Donec venenatis adipiscing adipiscing. Aenean nec tellus nisl, quis vehicula sapien. Etiam non metus eget ligula pretium luctus. Maecenas commodo placerat felis vel lobortis. Vestibulum placerat aliquet erat, a tincidunt arcu gravida vel. Duis sodales, sapien id dignissim mattis, velit neque viverra arcu, sit amet aliquet orci elit ac ipsum. Aenean commodo nisi sed augue fringilla facilisis. Quisque velit massa, posuere id scelerisque sit amet, scelerisque ac neque. Etiam id arcu purus. Sed augue leo, semper id hendrerit vitae, porta sit amet elit. Maecenas sollicitudin erat in arcu fermentum eleifend. Maecenas mattis dui a velit elementum non rhoncus augue tristique. Proin volutpat nisi sit amet leo gravida at vulputate enim lacinia.\r\n\r\nMauris ante odio, imperdiet in molestie nec, eleifend vitae tortor. Cras sed mauris tellus. Maecenas vel enim quam. Proin sit amet lectus ligula. In in tellus imperdiet lacus euismod congue ac eu diam. Phasellus vitae tortor vel felis mollis hendrerit ac sed justo. Donec auctor est id tortor lacinia ac ultricies sapien volutpat. Aenean a enim eu neque suscipit pulvinar. Donec viverra ultrices nibh nec mollis. Nullam nec est at metus interdum dapibus.\r\n",
            "webpage": "http://en.wikipedia.org/",
            "user_tz": "Antarctica/Mawson",
            "user": 3,
            "accepted_terms": false
        }
    },
    {
        "pk": 4,
        "model": "bio.bio",
        "fields": {
            "signature_line": "Berting the bertstops bertfully.",
            "description": "Suspendisse fermentum arcu ac orci fermentum tristique. Nulla dignissim dui ut elit aliquam consectetur. Donec quis enim quis nisi vulputate ullamcorper. Ut adipiscing, velit id posuere mattis, nisi purus ultricies arcu, vel auctor est tellus sed ante. Mauris enim est, suscipit id tempus ac, dictum quis justo. Quisque vel diam eu mauris vestibulum facilisis. Morbi volutpat arcu ut lectus aliquam a ullamcorper magna congue. Cras lobortis sagittis sodales. Vestibulum vehicula nisl id ipsum convallis non venenatis elit hendrerit. Pellentesque vitae mi leo.\r\n\r\nVestibulum ante ipsum primis in faucibus orci luctus et ultrices posuere cubilia Curae; Praesent ante ligula, dignissim id venenatis et, porta ut magna. Mauris nisl urna, porta eu hendrerit et, accumsan ac urna. Morbi eros dolor, commodo id auctor id, tristique a metus. Donec consectetur varius ipsum vel dictum. Lorem ipsum dolor sit amet, consectetur adipiscing elit. Proin at nisi porttitor turpis tincidunt rhoncus. Nunc velit lorem, vehicula sit amet egestas non, imperdiet eu libero. Nam elementum lectus sed libero sollicitudin ac auctor tellus facilisis. Phasellus fringilla tortor nec nibh molestie sit amet accumsan erat auctor. Morbi lobortis commodo interdum. Quisque facilisis feugiat ligula ut mattis. Donec tincidunt, justo in ultrices sodales, risus neque dictum urna, at interdum turpis nibh consequat lacus. Aenean porttitor semper consectetur. Sed vitae nisi vel arcu mollis dapibus id nec tortor. Suspendisse eu dolor non nisl tristique faucibus quis ac lorem.\r\n\r\nNunc convallis hendrerit vestibulum. Fusce faucibus lorem nec magna aliquet nec volutpat metus cursus. Donec venenatis adipiscing adipiscing. Aenean nec tellus nisl, quis vehicula sapien. Etiam non metus eget ligula pretium luctus. Maecenas commodo placerat felis vel lobortis. Vestibulum placerat aliquet erat, a tincidunt arcu gravida vel. Duis sodales, sapien id dignissim mattis, velit neque viverra arcu, sit amet aliquet orci elit ac ipsum. Aenean commodo nisi sed augue fringilla facilisis. Quisque velit massa, posuere id scelerisque sit amet, scelerisque ac neque. Etiam id arcu purus. Sed augue leo, semper id hendrerit vitae, porta sit amet elit. Maecenas sollicitudin erat in arcu fermentum eleifend. Maecenas mattis dui a velit elementum non rhoncus augue tristique. Proin volutpat nisi sit amet leo gravida at vulputate enim lacinia.\r\n\r\nMauris ante odio, imperdiet in molestie nec, eleifend vitae tortor. Cras sed mauris tellus. Maecenas vel enim quam. Proin sit amet lectus ligula. In in tellus imperdiet lacus euismod congue ac eu diam. Phasellus vitae tortor vel felis mollis hendrerit ac sed justo. Donec auctor est id tortor lacinia ac ultricies sapien volutpat. Aenean a enim eu neque suscipit pulvinar. Donec viverra ultrices nibh nec mollis. Nullam nec est at metus interdum dapibus.\r\n",
            "webpage": "http://www.dog.com/",
            "user_tz": "US/Hawaii",
            "user": 4,
            "accepted_terms": true
        }
    },
    {
        "pk": 5,
        "model": "bio.bio",
        "fields": {
            "signature_line": "Elementally yours.",
            "description": "Suspendisse fermentum arcu ac orci fermentum tristique. Nulla dignissim dui ut elit aliquam consectetur. Donec quis enim quis nisi vulputate ullamcorper. Ut adipiscing, velit id posuere mattis, nisi purus ultricies arcu, vel auctor est tellus sed ante. Mauris enim est, suscipit id tempus ac, dictum quis justo. Quisque vel diam eu mauris vestibulum facilisis. Morbi volutpat arcu ut lectus aliquam a ullamcorper magna congue. Cras lobortis sagittis sodales. Vestibulum vehicula nisl id ipsum convallis non venenatis elit hendrerit. Pellentesque vitae mi leo.\r\n\r\nVestibulum ante ipsum primis in faucibus orci luctus et ultrices posuere cubilia Curae; Praesent ante ligula, dignissim id venenatis et, porta ut magna. Mauris nisl urna, porta eu hendrerit et, accumsan ac urna. Morbi eros dolor, commodo id auctor id, tristique a metus. Donec consectetur varius ipsum vel dictum. Lorem ipsum dolor sit amet, consectetur adipiscing elit. Proin at nisi porttitor turpis tincidunt rhoncus. Nunc velit lorem, vehicula sit amet egestas non, imperdiet eu libero. Nam elementum lectus sed libero sollicitudin ac auctor tellus facilisis. Phasellus fringilla tortor nec nibh molestie sit amet accumsan erat auctor. Morbi lobortis commodo interdum. Quisque facilisis feugiat ligula ut mattis. Donec tincidunt, justo in ultrices sodales, risus neque dictum urna, at interdum turpis nibh consequat lacus. Aenean porttitor semper consectetur. Sed vitae nisi vel arcu mollis dapibus id nec tortor. Suspendisse eu dolor non nisl tristique faucibus quis ac lorem.\r\n\r\nNunc convallis hendrerit vestibulum. Fusce faucibus lorem nec magna aliquet nec volutpat metus cursus. Donec venenatis adipiscing adipiscing. Aenean nec tellus nisl, quis vehicula sapien. Etiam non metus eget ligula pretium luctus. Maecenas commodo placerat felis vel lobortis. Vestibulum placerat aliquet erat, a tincidunt arcu gravida vel. Duis sodales, sapien id dignissim mattis, velit neque viverra arcu, sit amet aliquet orci elit ac ipsum. Aenean commodo nisi sed augue fringilla facilisis. Quisque velit massa, posuere id scelerisque sit amet, scelerisque ac neque. Etiam id arcu purus. Sed augue leo, semper id hendrerit vitae, porta sit amet elit. Maecenas sollicitudin erat in arcu fermentum eleifend. Maecenas mattis dui a velit elementum non rhoncus augue tristique. Proin volutpat nisi sit amet leo gravida at vulputate enim lacinia.\r\n\r\nMauris ante odio, imperdiet in molestie nec, eleifend vitae tortor. Cras sed mauris tellus. Maecenas vel enim quam. Proin sit amet lectus ligula. In in tellus imperdiet lacus euismod congue ac eu diam. Phasellus vitae tortor vel felis mollis hendrerit ac sed justo. Donec auctor est id tortor lacinia ac ultricies sapien volutpat. Aenean a enim eu neque suscipit pulvinar. Donec viverra ultrices nibh nec mollis. Nullam nec est at metus interdum dapibus.\r\n",
            "webpage": "http://www.arthropod.com/",
            "user_tz": "Africa/Cairo",
            "user": 5,
            "accepted_terms": true
        }
    },
    {
        "pk": 6,
        "model": "bio.bio",
        "fields": {
            "signature_line": "Let's basiljet the wildtrouser out of here...",
            "description": "Duis scelerisque felis vel est dapibus facilisis. Etiam tristique tincidunt erat, ullamcorper scelerisque lacus mattis vitae. Sed in purus nec leo placerat euismod. Aliquam ornare interdum dolor, non tincidunt magna suscipit nec. Nulla facilisi. Cras cursus vestibulum nulla, vel egestas eros cursus quis. Sed leo libero, iaculis at dictum ut, scelerisque ut risus. Pellentesque elit nunc, tincidunt tincidunt porttitor nec, elementum ac enim. Integer pretium mauris a arcu fringilla vehicula faucibus nibh porttitor. Etiam tempus consequat egestas. Ut fermentum nisi eu ligula posuere nec condimentum augue vulputate.\r\n\r\nProin ultricies volutpat aliquam. Morbi condimentum volutpat placerat. Nulla dictum elementum tempus. Vivamus non elit id ante porta adipiscing. Proin blandit rhoncus massa sit amet interdum. Aliquam a consectetur magna. Aenean tristique nisi cursus ligula venenatis aliquam. Aenean ut odio nulla, eget congue lectus. Sed porttitor eleifend urna, nec aliquam sapien hendrerit sed. Nulla eu ultrices lectus. In nec mauris tortor. Vivamus vehicula tellus ac sapien cursus hendrerit. Aliquam venenatis mattis dictum. Cum sociis natoque penatibus et magnis dis parturient montes, nascetur ridiculus mus. Nullam accumsan, arcu eget consectetur porttitor, est diam porta nisl, eget feugiat lectus felis a lacus. In hac habitasse platea dictumst.\r\n\r\nProin adipiscing molestie mauris, sed bibendum enim pretium ut. Vestibulum rhoncus varius neque in imperdiet. Mauris ligula libero, sagittis et dapibus sit amet, ultricies ut magna. Nam eleifend nibh metus. Morbi ut posuere tellus. In adipiscing tortor sed erat iaculis vitae pellentesque augue porttitor. Mauris vitae tortor in libero condimentum rhoncus. Nunc vehicula euismod dolor sit amet cursus. Integer metus lorem, semper id adipiscing nec, gravida a est. Nunc odio risus, gravida ut convallis a, iaculis ac orci. Aliquam suscipit varius nisl, eu volutpat nisl varius id. Vestibulum id enim eget magna vehicula iaculis nec ut sapien.\r\n\r\nMorbi fringilla pharetra vehicula. Morbi vehicula sodales felis, non semper ipsum accumsan id. Maecenas iaculis sem arcu, ac pharetra dolor. Nulla porttitor rutrum nibh, sed faucibus ligula porta nec. Phasellus quis sem mi, nec blandit libero. Suspendisse justo dolor, convallis ut vehicula vel, hendrerit eget odio. Integer at nisi sit amet risus semper hendrerit sit amet ac diam. Mauris ac massa ut erat bibendum condimentum eget vitae est. Fusce nunc mi, pulvinar eu pellentesque ut, euismod in lectus. Nullam vehicula ante ut leo lobortis et tempor arcu consectetur. Aliquam erat volutpat. Aliquam mattis sollicitudin dignissim. Phasellus in justo nisi, in eleifend nisi. In hac habitasse platea dictumst.\r\n\r\nPraesent vel nisi ut sem vehicula dictum a in risus. Sed ac ligula risus, non sodales lorem. Quisque ac velit nec diam accumsan ultrices vel sit amet dolor. Mauris scelerisque mauris a leo porta mattis. Nam leo dui, aliquam vitae vehicula et, pellentesque eu nibh. Nullam vel arcu in elit pellentesque egestas. Etiam sed venenatis quam. In gravida rutrum neque, sed dapibus ante luctus eget. Pellentesque quis turpis eu eros scelerisque cursus at eu metus. Quisque ac purus vitae odio tempus fringilla. Phasellus pellentesque pretium eleifend. Pellentesque dapibus lorem sed dolor consectetur vulputate. Phasellus egestas tempor elementum. Nulla ullamcorper fringilla purus, eget rhoncus erat ullamcorper id. Sed viverra nibh nec massa aliquam et varius mauris faucibus. Vivamus rutrum, mauris at tristique tincidunt, erat sapien egestas nisl, id bibendum erat odio ac diam.\r\n\r\nPellentesque auctor tortor a odio sagittis vel vulputate sapien condimentum. Fusce dictum imperdiet auctor. Quisque tristique ipsum ac velit ultricies vitae lacinia urna cursus. Aliquam vulputate urna risus, posuere tincidunt libero. Nulla risus justo, commodo sit amet egestas vel, volutpat eu purus. Proin fermentum faucibus velit ac luctus. Sed vel nisi ut risus imperdiet bibendum. Aliquam vel odio ac nisi suscipit ullamcorper vel nec est. Quisque sit amet augue id tortor imperdiet ullamcorper. Aliquam elementum scelerisque tortor vitae elementum. Nam ante sapien, aliquam sed congue quis, bibendum id leo. Sed quis est purus, sed lacinia massa. Suspendisse vel tortor est, imperdiet imperdiet justo. Donec accumsan condimentum eleifend. Donec aliquam dolor eu sapien mattis ut condimentum nibh venenatis.\r\n\r\nClass aptent taciti sociosqu ad litora torquent per conubia nostra, per inceptos himenaeos. Nullam mollis nisi id nibh tempus ultrices. Duis sed nunc a metus blandit blandit a et lorem. Fusce pulvinar dui sed orci iaculis ac mattis mi pulvinar. Cras fermentum porttitor turpis, id vehicula quam posuere non. Proin condimentum tempor arcu, euismod sodales metus condimentum eu. Vestibulum eget quam at massa aliquet vulputate. Vivamus tellus velit, placerat ac gravida vitae, iaculis ut dolor. Morbi at convallis enim. Nullam venenatis eleifend lectus, id facilisis sapien tincidunt quis. Maecenas viverra luctus magna eu accumsan. Nam sed est nulla.\r\n\r\nDuis aliquam auctor vestibulum. In hac habitasse platea dictumst. Suspendisse potenti. In leo felis, interdum id euismod ac, interdum tempus magna. Nulla placerat, odio vel vestibulum malesuada, lacus velit vulputate velit, non lobortis mi quam condimentum dolor. Aenean vestibulum porttitor facilisis. Aliquam ultricies lorem id enim porttitor ornare. Integer tincidunt commodo iaculis.\r\n\r\nAliquam condimentum pretium neque a tincidunt. Vivamus mollis fringilla est, quis iaculis erat tempus in. Nunc nec sapien dui, sit amet tristique mi. Aenean nunc dui, ornare sit amet venenatis quis, ultrices ullamcorper quam. Maecenas in eleifend quam. Donec et purus a sapien elementum imperdiet. Sed mattis suscipit urna quis vulputate. Praesent sit amet nisl ut mi interdum consequat. Fusce non sem magna, at volutpat dui. Vivamus lacinia tempor quam eget aliquam. Fusce facilisis facilisis aliquet. Integer nunc enim, bibendum vitae porttitor nec, hendrerit et urna. Nulla ac justo ligula. Phasellus ac vehicula orci.\r\n\r\nIn tincidunt, velit sit amet mollis placerat, nisl ipsum volutpat ligula, quis tincidunt magna leo vel sem. Proin in mauris quam. Etiam dui risus, luctus elementum interdum ac, pellentesque vitae massa. Suspendisse dignissim purus cursus lacus auctor accumsan. Vivamus rutrum, massa nec malesuada accumsan, magna lacus scelerisque leo, nec cursus mi ligula vel justo. Aliquam dignissim enim ut sapien laoreet suscipit. Suspendisse ac nisi at sem lacinia congue. Nulla augue massa, suscipit rutrum congue at, egestas vel ipsum. Nulla sit amet ligula nec felis molestie ultrices non quis diam. ",
            "webpage": "http://www.reuters.com/",
            "user_tz": "Asia/Ashgabat",
            "user": 6,
            "accepted_terms": false
        }
    },
    {
        "pk": 7,
        "model": "bio.bio",
        "fields": {
            "signature_line": "",
            "description": "",
            "webpage": "",
            "user_tz": "",
            "user": 7,
            "accepted_terms": false
        }
    },
    {
        "pk": 8,
        "model": "bio.bio",
        "fields": {
            "signature_line": "",
            "description": "",
            "webpage": "",
            "user_tz": "",
            "user": 8,
            "accepted_terms": false
        }
    },
    {
        "pk": 1,
        "model": "interaction.usercourse",
        "fields": {
            "completed": false,
            "course": 1,
            "user": 1,
            "active": true,
            "withdrawn": false,
            "history": "[[1365295244.0, 0], [1365295244.0, 1]]"
        }
    },
    {
        "pk": 1,
        "model": "interaction.userlesson",
        "fields": {
            "completed": false,
            "note": null,
            "user": 1,
            "visited": true,
            "lesson": 1,
            "history": "[[1365295247.0, 0], [1365405853.0, 0], [1365457762.0, 0], [1366932306.0, 0], [1367269714.0, 0], [1367273828.0, 0], [1367425491.0, 0], [1367430460.0, 0], [1368259681.0, 0], [1368459654.0, 0], [1368468727.0, 0], [1369872276.0, 0], [1369939614.0, 0], [1370380977.0, 0], [1370451944.0, 0], [1370638363.0, 0]]"
        }
    },
    {
        "pk": 2,
        "model": "interaction.userlesson",
        "fields": {
            "completed": false,
            "note": null,
            "user": 1,
            "visited": true,
            "lesson": 2,
            "history": "[[1368470121.0, 0], [1370641609.0, 0]]"
        }
    },
    {
        "pk": 3,
        "model": "interaction.userlesson",
        "fields": {
            "completed": false,
            "note": null,
            "user": 1,
            "visited": true,
            "lesson": 3,
            "history": "[[1370381003.0, 0]]"
        }
    },
    {
        "pk": 1,
        "model": "interaction.userlearningintention",
        "fields": {
            "user": 1,
            "learning_intention": 1
        }
    },
    {
        "pk": 2,
        "model": "interaction.userlearningintention",
        "fields": {
            "user": 1,
            "learning_intention": 2
        }
    },
    {
        "pk": 1,
        "model": "interaction.userlearningintentiondetail",
        "fields": {
            "learning_intention_detail": 1,
            "user": 1,
            "condition": 2,
            "history": "[[1365405933.0, 1], [1365527165.0, 2]]"
        }
    },
    {
        "pk": 2,
        "model": "interaction.userlearningintentiondetail",
        "fields": {
            "learning_intention_detail": 8,
            "user": 1,
            "condition": 2,
            "history": "[[1365527179.0, 2]]"
        }
    },
    {
        "pk": 1,
        "model": "interaction.userattachment",
        "fields": {
            "history": "[[1368262733.0, 0], [1368262864.0, 0], [1368262896.0, 0], [1370381301.0, 0]]",
            "attachment": 4,
            "user": 1
        }
    },
    {
        "pk": 2,
        "model": "interaction.userattachment",
        "fields": {
            "history": "[[1368479457.0, 0]]",
            "attachment": 2,
            "user": 1
        }
    },
    {
        "pk": 3,
        "model": "interaction.userattachment",
        "fields": {
            "history": "[[1368479465.0, 0], [1370380939.0, 0]]",
            "attachment": 3,
            "user": 1
        }
    },
    {
        "pk": 4,
        "model": "interaction.userattachment",
        "fields": {
            "history": "[[1369600734.0, 0], [1369937461.0, 0], [1369954483.0, 0]]",
            "attachment": 1,
            "user": 1
        }
    }
]
